id,time_utc,mts,amount,daily_rate_pct,apr_pct,period_days,offer_id
406996970,2026-03-02 08:10:39,1772439039000,200.12,0.01711,6.2452,120,4791975470
407011846,2026-03-02 12:28:59,1772454539000,200.12,0.01711,6.2452,120,4793033593
407550391,2026-03-03 12:38:10,1772541490000,200.0,0.046647,17.0262,120,4793173423
407550506,2026-03-03 12:38:39,1772541519000,200.0,0.046385,16.9305,120,4796574270
407579428,2026-03-03 16:51:35,1772556695000,195.40507575,0.046541,16.9875,2,4796577519
407630527,2026-03-03 22:31:31,1772577091000,200.0,0.046836,17.0951,120,4800114418
407768793,2026-03-06 07:51:12,1772783472000,200.0,0.047114,17.1966,120,4804599959
407769067,2026-03-06 07:52:21,1772783541000,195.54466,0.047114,17.1966,120,4806286064
407769066,2026-03-06 07:52:21,1772783541000,200.0,0.047114,17.1966,120,4806283366
408100181,2026-03-10 12:34:38,1773146078000,595.5,0.047498,17.3368,120,4814863758
408158112,2026-03-10 22:31:44,1773181904000,595.5,0.047661,17.3963,120,4815090251
408853015,2026-03-24 08:40:47,1774341647000,597.28,0.047143,17.2072,120,4830616548
23781,2026-03-26 06:56:00,1774508160000,598.3,0.047144,17.2076,120,4834823361
419992874,2026-04-07 19:53:45,1775591625000,600.68364408,0.046504,16.974,120,4861922145
420045737,2026-04-08 06:57:49,1775631469000,600.68364408,0.046473,16.9626,120,4862949084
420324647,2026-04-12 05:12:29,1775970749000,600.81694654,0.045631,16.6553,120,4866902523
420390235,2026-04-13 08:56:23,1776070583000,601.02372647,0.045653,16.6633,120,4874107596
420482271,2026-04-14 05:47:42,1776145662000,601.14920267,0.045221,16.5057,120,4875859377
420485857,2026-04-14 07:02:22,1776150142000,601.15889409,0.045201,16.4984,120,4877532796
420669801,2026-04-17 19:52:15,1776455535000,601.32699419,0.044822,16.36,120,4881064544
420904634,2026-04-20 16:50:55,1776703855000,601.75830652,0.043994,16.0578,120,4890461161
421014129,2026-04-23 07:03:23,1776927803000,601.90839678,0.044198,16.1323,120,4893793615
421123019,2026-04-25 06:46:08,1777099568000,200.0,0.012878,4.7005,120,4903707490
421147186,2026-04-25 23:52:12,1777161132000,402.138,0.04,14.6,120,4904760680
421198875,2026-04-26 19:50:46,1777233046000,402.15870401,0.04,14.6,120,4907204152
430338735,2026-08-21 02:43:19,1787280199000,219.190045,0.014917,5.4447,2,5086898343
430583605,2026-08-24 20:30:32,1787603432000,155.46155,0.019704,7.192,2,5091323236
430583522,2026-08-24 20:30:32,1787603432000,155.46155,0.018345,6.6959,2,5091323226
430583511,2026-08-24 20:30:32,1787603432000,155.46155,0.016986,6.1999,2,5091323215
430583710,2026-08-24 20:30:38,1787603438000,155.46155,0.021063,7.688,2,5091323245
430682212,2026-08-26 02:50:32,1787712632000,155.663623,0.014,5.11,2,5092569562
430756265,2026-08-27 00:00:43,1787788843000,155.46155,0.023176,8.4592,2,5093430146
430756261,2026-08-27 00:00:43,1787788843000,155.46155,0.021577,7.8756,2,5093430138
430756255,2026-08-27 00:00:43,1787788843000,155.46155,0.019979,7.2923,2,5093430133
430792070,2026-08-27 10:06:22,1787825182000,155.489642,0.02,7.3,2,5094033245
430792071,2026-08-27 10:06:26,1787825186000,155.489642,0.0216,7.884,2,5094033254
430873724,2026-08-28 05:10:32,1787893832000,93.61425307,0.022512,8.2169,2,5095071526
430873723,2026-08-28 05:10:32,1787893832000,61.98928893,0.022512,8.2169,2,5095071526
430875725,2026-08-28 05:50:43,1787896243000,155.603542,0.026114,9.5316,2,5095071527
430950175,2026-08-29 08:03:29,1787990609000,155.579724,0.019,6.935,2,5096193147
430972465,2026-08-29 14:10:32,1788012632000,155.549696,0.018999,6.9346,2,5096473426
430972731,2026-08-29 14:10:47,1788012647000,155.549696,0.020519,7.4894,2,5096473430
430972879,2026-08-29 14:10:49,1788012649000,155.549696,0.022039,8.0442,2,5096473436
431034903,2026-08-30 22:20:11,1788128411000,155.621178,0.019632,7.1657,2,5097513620
431034940,2026-08-30 22:26:17,1788128777000,155.621178,0.022773,8.3121,2,5097513630
431089660,2026-08-31 20:36:46,1788208606000,155.612903,0.014257,5.2038,2,5098235555
431089695,2026-08-31 20:37:33,1788208653000,155.612903,0.015398,5.6203,2,5098235558
431089711,2026-08-31 20:38:02,1788208682000,155.612903,0.016538,6.0364,2,5098235561
431089787,2026-08-31 20:39:32,1788208772000,155.612903,0.017679,6.4528,2,5098235566
431098876,2026-09-01 00:20:23,1788222023000,155.612904,0.014825,5.4111,2,5098351996
431099695,2026-09-01 00:50:40,1788223840000,155.612904,0.016011,5.844,2,5098352003
431108249,2026-09-01 05:26:02,1788240362000,155.682211,0.015011,5.479,2,5098507461
431219351,2026-09-02 22:22:54,1788387774000,155.65561,0.0147,5.3655,2,5100396257
431225097,2026-09-03 00:30:42,1788395442000,155.612904,0.018645,6.8054,2,5100485668
431243368,2026-09-03 09:24:44,1788427484000,155.700697,0.013739,5.0147,2,5100833703
431342661,2026-09-04 05:30:32,1788499832000,155.766147,0.019507,7.1201,2,5101725847
431420077,2026-09-05 00:15:03,1788567303000,155.65561,0.01795,6.5518,2,5102456151
431443640,2026-09-05 08:30:48,1788597048000,155.670805,0.023468,8.5658,2,5102734608
431450311,2026-09-05 12:10:34,1788610234000,155.685751,0.015463,5.644,2,5102850218
431459913,2026-09-05 15:30:31,1788622231000,155.685751,0.018,6.57,2,5102946843
431464112,2026-09-05 17:30:46,1788629446000,155.68575,0.024857,9.0728,2,5103016235
431536050,2026-09-07 06:08:23,1788761303000,155.920348,0.020043,7.3157,2,5104015750
431551785,2026-09-07 13:30:46,1788787846000,155.758968,0.015,5.475,2,5104242998
431552116,2026-09-07 13:30:48,1788787848000,155.758968,0.017049,6.2229,2,5104243002
431552328,2026-09-07 13:30:50,1788787850000,155.758968,0.019097,6.9704,2,5104243012
431569044,2026-09-07 21:30:34,1788816634000,155.722359,0.015,5.475,2,5104575777
431572009,2026-09-07 22:30:43,1788820243000,155.722359,0.0159,5.8035,2,5104575786
431575573,2026-09-08 01:10:32,1788829832000,155.722359,0.015,5.475,2,5104656368
431582215,2026-09-08 06:50:33,1788850233000,155.792467,0.015,5.475,2,5104884674
431588657,2026-09-08 12:30:40,1788870640000,155.792467,0.015,5.475,2,5105052924
431718120,2026-09-09 16:30:43,1788971443000,155.811021,0.028767,10.5,2,5106008738
431733283,2026-09-09 20:30:43,1788985843000,155.811021,0.018,6.57,2,5106132427
431736401,2026-09-09 22:02:46,1788991366000,155.81102,0.019099,6.9711,2,5106229141
431744670,2026-09-10 02:10:40,1789006240000,155.76669,0.018,6.57,2,5106309090
431750336,2026-09-10 06:10:46,1789020646000,155.800674,0.018,6.57,2,5106479175
431754469,2026-09-10 09:10:42,1789031442000,155.800673,0.018,6.57,2,5106663970
431765317,2026-09-10 13:50:32,1789048232000,155.796571,0.018,6.57,2,5106845882
431786181,2026-09-10 19:50:33,1789069833000,155.79657,0.019158,6.9927,2,5107140201
431792734,2026-09-10 21:50:51,1789077051000,155.796571,0.025398,9.2703,2,5107001287
431793989,2026-09-10 22:30:40,1789079440000,155.79657,0.022984,8.3892,2,5107290782
431868601,2026-09-12 05:10:46,1789189846000,155.975637,0.018,6.57,2,5109113331
431878291,2026-09-12 09:30:42,1789205442000,155.975637,0.024109,8.7998,2,5109384597
431896647,2026-09-12 13:10:34,1789218634000,155.800673,0.026788,9.7776,2,5109525879
431925693,2026-09-12 16:30:33,1789230633000,155.800673,0.026215,9.5685,2,5109643470
431957968,2026-09-12 23:10:45,1789254645000,155.796571,0.024082,8.7899,2,5109839105
431961501,2026-09-13 00:50:33,1789260633000,155.796571,0.02454,8.9571,2,5109886796
431971823,2026-09-13 05:50:47,1789278647000,155.846124,0.024173,8.8231,2,5110016153
431972004,2026-09-13 05:50:49,1789278649000,155.846124,0.027236,9.9411,2,5110016155
431990857,2026-09-13 11:50:42,1789300242000,155.846124,0.027173,9.9181,2,5110187559
431991956,2026-09-13 12:10:46,1789301446000,155.846124,0.029113,10.6262,2,5110187580
432066801,2026-09-14 13:30:40,1789392640000,155.960207,0.026073,9.5166,2,5111100664
432089903,2026-09-14 21:51:46,1789422706000,155.88044,0.0297,10.8405,2,5111346566
432107153,2026-09-15 05:50:40,1789451440000,155.958146,0.018,6.57,2,5111706786
432124409,2026-09-15 10:20:20,1789467620000,155.932244,0.0229,8.3585,2,5111858494
432124453,2026-09-15 10:21:25,1789467685000,155.932244,0.025167,9.186,2,5111858497
432139287,2026-09-15 15:30:46,1789486246000,155.975304,0.023152,8.4505,2,5111991425
432143862,2026-09-15 17:10:35,1789492235000,311.692248,0.029113,10.6262,2,5111917822
432152007,2026-09-15 19:03:05,1789498985000,155.975304,0.026062,9.5126,2,5112127865
432166512,2026-09-15 22:15:14,1789510514000,155.975303,0.025498,9.3068,2,5112263847
432189355,2026-09-16 05:50:47,1789537847000,156.013358,0.024658,9.0002,2,5112568868
432210055,2026-09-16 10:15:37,1789553737000,156.013358,0.018,6.57,2,5112858734
432233008,2026-09-16 21:50:37,1789595437000,156.013358,0.018,6.57,2,5113360424
432236082,2026-09-17 00:50:47,1789606247000,156.013358,0.018,6.57,2,5113664146
432245133,2026-09-17 05:50:34,1789624234000,156.060871,0.018,6.57,2,5113950387
432249245,2026-09-17 07:11:07,1789629067000,156.060871,0.0258,9.417,2,5113950407
432294927,2026-09-17 19:03:19,1789671799000,155.917707,0.023399,8.5406,2,5114371468
432295148,2026-09-17 19:10:32,1789672232000,155.917707,0.025499,9.3071,2,5114371478
432304288,2026-09-17 22:50:38,1789685438000,30.47647244,0.02313,8.4425,2,5114444269
432304289,2026-09-17 22:50:38,1789685438000,125.44123456,0.02313,8.4425,2,5114444269
432304354,2026-09-17 22:50:39,1789685439000,155.917707,0.02532,9.2418,2,5114444273
432306693,2026-09-18 00:30:32,1789691432000,281.35894,0.023902,8.7242,2,5114484455
432335147,2026-09-18 09:47:43,1789724863000,218.758087,0.023171,8.4574,2,5114768557
432346768,2026-09-18 13:50:45,1789739445000,218.758087,0.027524,10.0463,2,5114768577
432416555,2026-09-19 05:08:36,1789794516000,218.845118,0.029245,10.6744,2,5115736512
432428353,2026-09-19 09:41:06,1789810866000,218.845118,0.029679,10.8328,2,5115857799
432441910,2026-09-19 13:30:01,1789824601000,218.845118,0.029677,10.8321,2,5115977696
432461109,2026-09-19 19:02:19,1789844539000,58.495118,0.027208,9.9309,2,5116186137
432461110,2026-09-19 19:02:23,1789844543000,160.35,0.027208,9.9309,2,5116186137
432489576,2026-09-20 06:55:32,1789887332000,35.500156,0.018,6.57,2,5116742738
432489578,2026-09-20 06:55:35,1789887335000,151.0,0.018,6.57,2,5116742738
432507165,2026-09-20 12:10:32,1789906232000,218.801603,0.022092,8.0636,2,5117031875
432519097,2026-09-20 16:10:32,1789920632000,218.801602,0.024396,8.9045,2,5117224125
432539122,2026-09-20 21:19:00,1789939140000,218.801602,0.023859,8.7085,2,5117488807
